<?xml version="1.0" encoding="UTF-8" ?>
<extension type="package" version="3.0" method="upgrade">
	
	<name>Dictionary Package</name>
	<packagename>dictionary</packagename>
	<creationDate>Sept 2024</creationDate>
	<version>3.6.2</version>
	<url>https://web-eau.net</url>
	<packager>web-eau.net</packager>
	<packagerurl>https://web-eau.net</packagerurl>
	<copyright>Copyright (C) 2005 - 2024. web-eau.net. All rights reserved.</copyright>
	<license>GNU General Public License version 2 or later</license>
	<authorEmail>daniel@web-eau.net</authorEmail>
	<description>Dictionary package installation</description>
    <author>Web-eau.net</author>
	
	<files folder="packages">
		<file type="component" id="com_dictionary">com_dictionary_v3.6.2.2.zip</file>
		<file type="plugin" id="dictionary" group="finder">plg_dictionary_v1.2.3.zip</file>
	</files>
	
</extension>


