<?xml version="1.0" encoding="UTF-8"?>
<extension version="5.0" type="plugin" group="finder" method="upgrade">
    <name>Smart Search - Dictionary</name>
    <author>web-eau.net</author>
    <creationDate>November 2024</creationDate>
    <copyright>Copyright (C) 2005 - 2024. web-eau.net Open Source Matters. All rights reserved.</copyright>
    <license>GNU General Public License version 2 or later</license>
    <authorEmail>daniel@web-eau.net</authorEmail>
    <authorUrl>https://www.web-eau.net</authorUrl>
    <version>1.2.3</version>
    <description>Enable Smart Search in Dictionary content</description>

    <namespace path="src">Webeau\Plugin\Finder\Dictionary</namespace>    
    <files>
        <folder plugin="dictionary">services</folder>
        <folder>src</folder>
    </files>

    <config>
        <fields name="params">
            <fieldset name="basic" addfieldprefix="Joomla\Component\Finder\Administrator\Field">
                <field
                    name="search_limit"
                    type="number"
                    label="JFIELD_PLG_SEARCH_SEARCHLIMIT_LABEL"
                    description="JFIELD_PLG_SEARCH_SEARCHLIMIT_DESC"
                    default="50"
                    filter="integer"
                    size="5"
                />
            </fieldset>
        </fields>
    </config>
</extension>
