<?xml version="1.0" encoding="utf-8"?>
<extension version="3.1" type="plugin" group="search" method="upgrade">
	<name>Search Dictionary</name>
	<author>web-eau.net</author>
    <creationDate>June 2022</creationDate>
    <copyright>Copyright (C) 2005 - 2022. web-eau.net Open Source Matters. All rights reserved.</copyright>
    <license>GNU General Public License version 2 or later</license>
    <authorEmail>daniel@web-eau.net</authorEmail>
    <authorUrl>www.web-eau.net</authorUrl>
	<version>1.1.0</version>
	<description>Enable Search in Dictionary content</description>
	<files>
		<filename plugin="dictionary">dictionary.php</filename>
	</files>
	<config>
		<fields name="params">
			<fieldset name="basic">
				<field
					name="search_limit"
					type="number"
					label="JFIELD_PLG_SEARCH_SEARCHLIMIT_LABEL"
					description="JFIELD_PLG_SEARCH_SEARCHLIMIT_DESC"
					default="50"
					filter="integer"
					size="5"
				/>
			</fieldset>
		</fields>
	</config>
</extension>
