<?xml version="1.0" encoding="utf-8"?>
<extension type="component" version="3.0" method="upgrade">
    <name>Dictionary</name>
    <creationDate>Sept. 2022</creationDate>
    <copyright>Copyright (C) 2015 - 2022. web-eau.net. All rights reserved.</copyright>
    <license>GNU General Public License version 2 or later; see LICENSE.txt</license>
	
    <author>web-eau.net</author>
    <authorEmail>daniel@web-eau.net</authorEmail>
    <authorUrl>https://web-eau.net</authorUrl>
	
    <version>3.5.0</version>
    <description>COM_DICTIONARY_XML_DESCRIPTION</description>
    
    
	<updateservers>
		<server type="extension" priority="2" name="Dictonary Updates">https://web-eau.net//updates/extension.xml</server>
	</updateservers>
 
    
    <install> <!-- Runs on install -->
        <sql>
            <file driver="mysql" charset="utf8">sql/install.mysql.utf8.sql</file>
        </sql>
    </install>
	
    <uninstall> <!-- Runs on uninstall -->
        <sql>
            <file driver="mysql" charset="utf8">sql/uninstall.mysql.utf8.sql</file>
        </sql>
    </uninstall>
	

    <files folder="site">
        <filename>index.html</filename>
        <filename>dictionary.php</filename>
        <filename>controller.php</filename>
        <filename>router.php</filename>
        <folder>views</folder>
        <folder>models</folder>
        <folder>controllers</folder>
        <folder>helpers</folder>
        <folder>assets</folder>
    </files>
	
	
    <languages folder="site">        
			<language tag="en-GB">language/en-GB/en-GB.com_dictionary.ini</language>
			<language tag="fr-FR">language/fr-FR/fr-FR.com_dictionary.ini</language>
			<language tag="it-IT">language/it-IT/it-IT.com_dictionary.ini</language>
			<language tag="ar-AA">language/ar-AA/ar-AA.com_dictionary.ini</language>
			<language tag="mk-MK">language/mk-MK/mk-MK.com_dictionary.ini</language>
			<language tag="pt-BR">language/pt-BR/pt-BR.com_dictionary.ini</language>
			<language tag="de-DE">language/de-DE/de-DE.com_dictionary.ini</language>
			<language tag="nl-BE">language/nl-BE/nl-BE.com_dictionary.ini</language>
			<language tag="nl-BE">language/nl-NL/nl-NL.com_dictionary.ini</language>
			<language tag="el-GR">language/el-GR/el-GR.com_dictionary.ini</language>
			<language tag="tr-TR">language/tr-TR/tr-TR.com_dictionary.ini</language>
    </languages>
	
    <administration>
        <menu img="components/com_dictionary/assets/images/s_com_dictionary.png" >COM_DICTIONARY</menu>
        <submenu>
			<menu link="option=com_dictionary&amp;view=letters" view="letters" img="components/com_dictionary/assets/images/s_letters.png" alt="Dictionary/Letters">COM_DICTIONARY_TITLE_LETTERS</menu>
			<menu link="option=com_dictionary&amp;view=letterdefinitions" view="letterdefinitions" img="components/com_dictionary/assets/images/s_letterdefinitions.png" alt="Dictionary/Letterdefinitions">COM_DICTIONARY_TITLE_LETTERDEFINITIONS</menu>
            <menu link="option=com_dictionary&amp;view=import" view="Import" img="components/com_dictionary/assets/images/s_letterdefinitions.png" alt="Dictionary/Import">
            COM_DICTIONARY_IMPORT_TITLE</menu>
        </submenu>
		
        <files folder="administrator">
            <filename>access.xml</filename>
            <filename>config.xml</filename>
            <filename>controller.php</filename>
            <filename>index.html</filename>
            <filename>dictionary.php</filename>
            <folder>controllers</folder>
            <folder>assets</folder>
            <folder>helpers</folder>
            <folder>models</folder>
            <folder>sql</folder>
            <folder>tables</folder>
            <folder>views</folder>
            <folder>language</folder>
        </files>
		
        <languages folder="administrator">
			<language tag="en-GB">language/en-GB/en-GB.com_dictionary.ini</language>
			<language tag="en-GB">language/en-GB/en-GB.com_dictionary.sys.ini</language>
			<language tag="fr-FR">language/fr-FR/fr-FR.com_dictionary.ini</language>
			<language tag="fr-FR">language/fr-FR/fr-FR.com_dictionary.sys.ini</language>
			<language tag="it-IT">language/it-IT/it-IT.com_dictionary.ini</language>
			<language tag="it-IT">language/it-IT/it-IT.com_dictionary.sys.ini</language>
			<language tag="ar-AA">language/ar-AA/ar-AA.com_dictionary.ini</language>
			<language tag="ar-AA">language/ar-AA/ar-AA.com_dictionary.sys.ini</language>
			<language tag="mk-MK">language/mk-MK/mk-MK.com_dictionary.ini</language>
			<language tag="mk-MK">language/mk-MK/mk-MK.com_dictionary.sys.ini</language>
			<language tag="pt-BR">language/pt-BR/pt-BR.com_dictionary.ini</language>
			<language tag="pt-BR">language/pt-BR/pt-BR.com_dictionary.sys.ini</language>
			<language tag="de-DE">language/de-DE/de-DE.com_dictionary.ini</language>
			<language tag="de-DE">language/de-DE/de-DE.com_dictionary.sys.ini</language>
			<language tag="nl-BE">language/nl-BE/nl-BE.com_dictionary.ini</language>
			<language tag="nl-BE">language/nl-BE/nl-BE.com_dictionary.sys.ini</language>
			<language tag="nl-NL">language/nl-NL/nl-NL.com_dictionary.ini</language>
			<language tag="nl-NL">language/nl-NL/nl-NL.com_dictionary.sys.ini</language>
			<language tag="el-GR">language/el-GR/el-GR.com_dictionary.ini</language>
			<language tag="el-GR">language/el-GR/el-GR.com_dictionary.sys.ini</language>
        </languages>
		
    </administration>
    <plugins>
        <plugin group="search" plugin="dictionary"/>
    </plugins>
    
</extension>