{
    "$schema": "https://developer.joomla.org/schemas/json-schema/web_assets.json",
    "description": "Assets for the com_dictionary component",
    "name": "com_dictionary",
    "version": "3.6.1.5",
    "assets": [
        {
            "name": "dictionary_css",
            "type": "style",
            "uri": "media/com_dictionary/css/dictionary.css"
          },
          {
            "name": "dictionnary_css",
            "type": "style",
            "uri": "media/com_dictionary/css/dictionnary.css"
          },
          {
            "name": "form_css",
            "type": "style",
            "uri": "media/com_dictionary/css/form.css"
          },
          {
            "name": "item_css",
            "type": "style",
            "uri": "media/com_dictionary/css/item.css"
          },
          {
            "name": "list_css",
            "type": "style",
            "uri": "media/com_dictionary/css/list.css"
          },
          {
            "name": "listnav_css",
            "type": "style",
            "uri": "media/com_dictionary/css/listnav.css"
          },
          {
            "name": "custom_css",
            "type": "style",
            "uri": "media/com_dictionary/css/custom.css"
          },
          {
            "name": "form_js",
            "type": "script",
            "uri": "media/com_dictionary/js/form.js",
            "dependencies": ["jquery_min_js"]
          },
          {
            "name": "jquery_min_js",
            "type": "script",
            "uri": "media/com_dictionary/js/jquery-3.6.0.min.js",
            "version": "1.0.0",
            "dependencies": ["core", "jquery"]
          },
          {
            "name": "jquery_listnav_js",
            "type": "script",
            "uri": "media/com_dictionary/js/jquery-listnav.js",
            "dependencies": ["jquery_min_js"]
          },
          {
            "name": "custom_js",
            "type": "script",
            "uri": "media/com_dictionary/js/custom.js",
            "dependencies": ["core", "jquery"]
          }
    ]
}
