<?xml version="1.0" encoding="utf-8"?>
<extension type="component" version="5.0" method="upgrade">
    <name>Dictionary</name>
    <creationDate>Oct. 2024</creationDate>
    <copyright>Copyright (C) 2015 - 2024. web-eau.net. All rights reserved.</copyright>
    <license>GNU General Public License version 2 or later; see LICENSE.txt</license>
	
    <author>web-eau.net</author>
    <authorEmail>daniel@web-eau.net</authorEmail>
    <authorUrl>https://web-eau.net</authorUrl>
	
    <version>3.6.1.4</version>
    <description>COM_DICTIONARY_XML_DESCRIPTION</description>
    
    <namespace path="src">Webeau\Component\Dictionary</namespace>

    <files folder="site">
        <folder>forms</folder>
        <folder>src</folder>
        <folder>tmpl</folder>
        <folder>language</folder>
    </files>

    <!-- Media assets reference -->
    <media folder="media" destination="com_dictionary">
        <file>joomla.asset.json</file>
        <folder>css</folder>
        <folder>js</folder>
        <folder>images</folder>
    </media>

    <administration>
        <menu icon="fa fa-book">COM_DICTIONARY</menu>
        <submenu>
			<menu link="option=com_dictionary&amp;view=letters" view="letters" icon="fa fa-letters">COM_DICTIONARY_TITLE_LETTERS</menu>
			<menu link="option=com_dictionary&amp;view=definitions" view="definitions" icon="fa fa-definition">COM_DICTIONARY_TITLE_DEFINITIONS</menu>
            <menu link="option=com_dictionary&amp;view=import" view="Import" icon="fa fa-upload">COM_DICTIONARY_IMPORT_TITLE</menu>
        </submenu>

        <files folder="admin">
            <filename>access.xml</filename>
            <filename>config.xml</filename>
            <folder>forms</folder>
            <folder>language</folder>
            <folder>services</folder>
            <folder>sql</folder>
            <folder>src</folder>
            <folder>tmpl</folder>
        </files>
    </administration>

 <install> <!-- Runs on install -->
        <sql>
            <file driver="mysql" charset="utf8mb4">sql/install.mysql.utf8.sql</file>
        </sql>
    </install>
	
    <uninstall> <!-- Runs on uninstall -->
        <sql>
            <file driver="mysql" charset="utf8mb4">sql/uninstall.mysql.utf8.sql</file>
        </sql>
    </uninstall>

    <updateservers>
		<server type="extension" priority="2" name="Dictonary Updates">https://web-eau.net//updates/extension.xml</server>
	</updateservers>

     <plugins>
        <plugin group="search" plugin="dictionary"/>
    </plugins>

    <!-- End of my own code -->
</extension>