Letter Name,Word,Definition
M,Maubec,"<p>Name of the agricultural property near Montélimar (Drôme), where the Sisters settled in 1834, when they left their house in Vaise. The estate included a mansion and vast lands with varied crops: the Sisters had to provide for the construction of buildings adapted to a monastic life, and they did so for a numerically large community, due to the number of entries.</p>
<p>From the 1970s, having become less numerous and seeing the surrounding land being divided up, the community began a process of reflection and active research which would conclude in 1991 with the transfer to Blauvac (Vaucluse).</p>
<p>The developer who acquired the estate turned it into a group of subdivisions, now integrated into the town of Montélimar.</p>"
R,Rôsaline,The name of a beautiful Italian princess.
D,Drôme,The town called Drôme is very close to the hearts of those that call Montélimar home.