<?xml version="1.0" encoding="utf-8"?>
<metadata>
	<layout title="COM_DICTIONARY" option="COM_DICTIONARY">
		<help
			key = "COM_DICTIONARY"
		/>
		<message>
			<![CDATA[COM_DICTIONARY_MENU_MESSAGE]]>
		</message>
	</layout>

	<!-- Add fields to the parameters object for the layout. -->
	<fields name="params">

		<!-- Basic options. -->
		<fieldset name="component" label="COM_DICTIONARY">

			<field
				name="show_template"
				type="list"
				label="Dictionary Frontend View"
			    description="Dictionary Frontend View"
				useglobal="true"
				class="chzn-color"
				>
				<option value="0">Wikipedia</option>
				<option value="1">List</option>
			</field>

		</fieldset>
	</fields>
</metadata>
